{
  "comment": "CVA ID mapping for security findings. Map rule IDs or finding categories to your internal CVA numbers.",
  "mappings": {
    "NET-003": "CVA 0000",
    "cdp": "CVA 0000",
    "NET-001": "CVA 0001",
    "NET-002": "CVA 0001",
    "CIS-005": "CVA 0001",
    "http": "CVA 0001",
    "NET-005": "CVA 0002",
    "bootp": "CVA 0002",
    "directed_broadcast": "CVA 0003",
    "unreachables": "CVA 0004",
    "NET-008": "CVA 0005",
    "COMP-008": "CVA 0005",
    "CISCO-HARD-003": "CVA 0005",
    "redirect": "CVA 0005",
    "mask_reply": "CVA 0006",
    "ntp_disable": "CVA 0007",
    "service_pad": "CVA 0008",
    "NET-007": "CVA 0009",
    "domain_lookup": "CVA 0009",
    "ftp_server": "CVA 0010",
    "snmp_shutdown": "CVA 0011",
    "ssh": "CVA 0012",
    "CRYPTO-001": "CVA 0012",
    "CRYPTO-002": "CVA 0012",
    "CIS-007": "CVA 0012",
    "acl_mgmt": "CVA 0014",
    "routing_auth": "CVA 0016",
    "COMP-005": "CVA 0016",
    "snmp_trap_host": "CVA 0019",
    "snmp_trap": "CVA 0020",
    "ext_interface": "CVA 0021",
    "COMP-002": "CVA 0035",
    "COMP-001": "CVA 0035",
    "CIS-003": "CVA 0035",
    "type7_password": "CVA 0035",
    "weak_encryption": "CVA 0035",
    "CRYPTO-005": "CVA 0035",
    "AUTH-001": "CVA 0039",
    "CIS-002": "CVA 0039",
    "enable_secret": "CVA 0039",
    "insecure_http": "CVA 0061",
    "default_web": "CVA 0083",
    "undefined_acl": "CVA 2219",
    "NET-011": "CVA 2013",
    "COMP-003": "CVA 2013",
    "CIS-008": "CVA 2013",
    "transport_input": "CVA 2013",
    "NET-009": "CVA 2217",
    "proxy_arp": "CVA 2217",
    "NET-006": "CVA 2200",
    "CIS-010": "CVA 2200",
    "source_route": "CVA 2200",
    "AUTH-002": "CVA 2197",
    "CIS-012": "CVA 2197",
    "aaa": "CVA 2197",
    "drop_icmp": "CVA 2222",
    "no_mop": "CVA 2223",
    "STP-003": "CVA 2226",
    "trunk_guard": "CVA 2226",
    "port_security": "CVA 2227",
    "syn_flood": "CVA 2229",
    "NET-012": "CVA 2232",
    "CIS-009": "CVA 2232",
    "STIG-006": "CVA 2232",
    "exec_timeout": "CVA 2232",
    "STIG-001": "CVA 2233",
    "console_auth": "CVA 2233",
    "outdated_ios": "CVA 2377",
    "default_password": "CVA 2427",
    "weak_tacacs": "CVA 2427",
    "SNMP": "CVA 2501",
    "snmp_rw": "CVA 2501",
    "NET-015": "CVA 2501",
    "NET-004": "CVA 2755",
    "small_servers": "CVA 2755",
    "finger": "CVA 2080",
    "SNMP-": "CVA 0347",
    "snmpv1": "CVA 0347",
    "STIG-008": "CVA 0347",
    "PCI-DSS-4.2": "CVA 0001",
    "STIG-002": "CVA 0012",
    "STIG-005": "CVA 0039",
    "STIG-003": "CVA 0035",
    "CISCO-HARD-004": "CVA 2217",
    "CISCO-HARD-005": "CVA 0007",
    "CRYPTO-007": "CVA 0012",
    "CRYPTO-008": "CVA 0012",
    "OSPF-006": "CVA 0016",
    "FHRP-001": "CVA 3001",
    "FHRP-002": "CVA 3002",
    "FHRP-003": "CVA 3001",
    "TUNNEL-001": "CVA 4001",
    "TUNNEL-002": "CVA 4002",
    "TUNNEL-003": "CVA 4003",
    "JUNOS-AUTH-001": "CVA 0039",
    "JUNOS-AUTH-002": "CVA 0035",
    "JUNOS-AUTH-003": "CVA 2197",
    "JUNOS-AUTH-004": "CVA 0035",
    "JUNOS-AUTH-005": "CVA 2197",
    "JUNOS-AUTH-006": "CVA 0012",
    "JUNOS-AUTH-007": "CVA 0012",
    "JUNOS-AUTH-008": "CVA 0001",
    "JUNOS-SVC-001": "CVA 0001",
    "JUNOS-SVC-002": "CVA 0010",
    "JUNOS-SVC-003": "CVA 2080",
    "JUNOS-SVC-004": "CVA 0007",
    "JUNOS-SVC-005": "CVA 0007",
    "JUNOS-SVC-006": "CVA 0000",
    "JUNOS-SVC-007": "CVA 0000",
    "JUNOS-SVC-008": "CVA 5001",
    "JUNOS-SVC-009": "CVA 5001",
    "JUNOS-SNMP-001": "CVA 2427",
    "JUNOS-SNMP-002": "CVA 2501",
    "JUNOS-SNMP-003": "CVA 2501",
    "JUNOS-SNMP-004": "CVA 0347",
    "JUNOS-OSPF-001": "CVA 0016",
    "JUNOS-BGP-001": "CVA 0016",
    "JUNOS-VRRP-001": "CVA 3001",
    "JUNOS-VRRP-002": "CVA 3002",
    "JUNOS-IKE-001": "CVA 0012",
    "JUNOS-IPSEC-001": "CVA 4001",
    "JUNOS-IPSEC-002": "CVA 4001",
    "JUNOS-ZONE-001": "CVA 4001",
    "PAN-AUTH-001": "CVA 2197",
    "PAN-AUTH-002": "CVA 0039",
    "PAN-AUTH-003": "CVA 0039",
    "PAN-MGT-001": "CVA 0001",
    "PAN-MGT-002": "CVA 0001",
    "PAN-MGT-003": "CVA 0007",
    "PAN-POL-001": "CVA 6001",
    "PAN-HA-001": "CVA 0035",
    "PAN-HA-002": "CVA 3001",
    "PAN-LOG-001": "CVA 5001"
  }
}
